epoch,accuracy,train_loss,train_acc,time
  1, 33.870, 2.075, 24.597,62.90044593811035
  2, 39.950, 1.789, 34.615,126.5749261379242
  3, 43.210, 1.710, 38.085,190.18977689743042
